title,description,publishedAt,source.name,source.url
"Everton transfer news LIVE - Richarlison wanted, Nikola Vlasic claim, Ben Godfrey update","Everton transfer news, rumours, gossip and speculation including latest on Matthew Hoppe, Moise Kean, Denis Zakaria, Kalidou Koulibaly, Joaquin Correa, Dwight McNeil, Matheus Nunes, James Rodriguez, Richarlison and more",2021-08-25T07:30:00Z,Liverpool Echo,https://www.liverpoolecho.co.uk
"Arsenal news and transfers live: Aubameyang to Man City, Asensio available, Trippier swap deal","Keep up to date with all the latest Arsenal transfer news, views and rumours in football.london's daily live blog as we approach the end of the transfer window",2021-08-25T07:27:48Z,Football.London,https://www.football.london
"Mino Raiola 'demanded Erling Haaland was paid £820,000 PER WEEK to join Chelsea'",The Blues were heavily linked with a move for the highly sought after forward this summer but ended up signing Romelu Lukaku from Inter Milan for £98million instead.,2021-08-25T07:18:58Z,Daily Mail,https://www.dailymail.co.uk
Manchester United fans have decided which players to sell before transfer deadline day,Man United fans have decided which players they would like Ole Gunnar Solskjaer to sell this summer.,2021-08-25T07:18:42Z,Manchester Evening News,https://www.manchestereveningnews.co.uk
"Transfers LIVE! Mbappe to Real Madrid; Ronaldo wants Man City; Kane bid latest; Chelsea, Man Utd, Arsenal rumours today",Transfer news LIVE!,2021-08-25T07:00:44Z,Evening Standard,https://www.standard.co.uk
Nexen Tire partners with AC Milan,"SEOUL, South Korea, Aug. 25, 2021 (GLOBE NEWSWIRE) -- Nexen Tire, one of the world’s leading companies in the tire industry, has announced a new...",2021-08-25T07:00:00Z,GlobeNewswire,https://www.globenewswire.com
Man United on high alert after West Ham midfielder rejects third contract,Manchester United have gone quiet since the arrival of centre-back Raphael Varane but could make a last-minute ditch for West Ham midfielder Declan Rice.,2021-08-25T06:50:04Z,The Top Flight,https://thetopflight.com
"Tokyo Paralympics 2020 Live Updates: Paddlers Sonalben Patel, Bhaviaben Patel Go Down Fighting","Tokyo Paralympics 2020 Live Updates:  India opened their campaign at the Paralympic games with women paddlers Sonalben Patel and Bhavinaben Patel and while both were up against more fancied opponents, Sonalben ran World No.",2021-08-25T06:25:44Z,News18,https://www.news18.com
The transfers every Premier League club needs in the next week before the deadline...,We have entered the final week of the summer transfer window. Here are the issues every club needs to address pronto...,2021-08-25T06:25:02Z,Football365,https://www.football365.com
Perth grand final: AFL CEO Gillon McLachlan announces Optus Stadium as back-up for MCG,AFL chief executive Gillon McLachlan has today officially announced Optus Stadium will host the 2021 grand final if the MCG can’t due to COVID-19 restrictions.,2021-08-25T06:22:00Z,PerthNow,https://www.perthnow.com.au
"Tokyo Paralympics 2020 day two: swimming, cycling, wheelchair basketball and more - live!",Rolling report: The sport continues in Tokyo with plenty more medals up for grabs. Join our team of writers for updates,2021-08-26T05:35:46Z,The Guardian,https://www.theguardian.com
St George Illawarra recruit George Burgess charged with malicious damage,The St George Illawarra Dragons 2022 recruit will face court after he was charged with malicious damage following an incident in Wollongong.,2021-08-26T04:51:54Z,ABC News,https://www.abc.net.au
"No Sam Whitelock, Aaron Smith and Richie Mo'unga as All Blacks head to Perth","With a new skipper, and a trio of key players staying behind, Ian Foster's men are ready for their long haul on the road.",2021-08-26T04:20:00Z,Stuff.co.nz,https://www.stuff.co.nz
Teammates turn on star over toilet tryst,Bulldogs players have reportedly communicated to club officials they want Adam Elliott seriously disciplined or even sacked.,2021-08-26T04:08:06Z,NEWS.com.au,https://www.news.com.au
Liverpool could still receive £30m windfall before transfer deadline day,Liverpool still have a number of players they could look to move on before the transfer window closes at the end of August,2021-08-26T04:00:00Z,Liverpool Echo,https://www.liverpoolecho.co.uk
"AFL grand final crowds could still be banned in WA if COVID outbreak occurs, emergency chief says","WA will not hesitate to ban crowds from an AFL grand final in the event of a COVID scare, the state's emergency coordinator says.",2021-08-26T03:37:27Z,ABC News,https://www.abc.net.au
'More beneficial to team': Brian Lara explains why Cheteshwar Pujara should 'try to create lot more shots',"Though Pujara has a career strike rate of 44.32 after 88 Test matches, it's his scoring rate over the past year that has come under scrutiny | Cricket",2021-08-26T03:03:01Z,Hindustan Times,https://www.hindustantimes.com
The youngster who could save Manchester United millions in the transfer window,"Man United have signed two players this summer, but transfer deadline day is now fast approaching.",2021-08-26T03:00:00Z,Manchester Evening News,https://www.manchestereveningnews.co.uk
Russell Westbrook should've won 2021 NBA MVP,"In 2016-17, Russell Westbrook joined Oscar Robertson (1961-62) as the only players to average a triple-double for a season and won MVP.",2021-08-26T03:00:00Z,ProBasketballTalk,https://nba.nbcsports.com
Great Duane back as unloved world champion Springboks go to Australia,Great Duane back as unloved world champion Springboks go to Australia,2021-08-26T02:34:16Z,FRANCE 24,https://www.france24.com
Australian cyclist Amanda Reid breaks own record to win Paralympic gold in C1-3 500m time trial,Australian track cyclist Amanda Reid has broken her own world record to win Paralympic gold in the C1-3 500m time trial.,2021-08-27T05:08:10Z,ABC News,https://www.abc.net.au
Chris Cairns paralysed after suffering stroke during heart surgery,"Chris Cairns faces a long road to recovery, with paralysis in his legs after suffering a stroke in his spine.",2021-08-27T05:04:53Z,Sydney Morning Herald,https://www.smh.com.au
"Harvey Elliott, Kaide Gordon and how Liverpool's starting line up could look in 2025",What could the Liverpool team look like a year on from Jurgen Klopp’s current departure date in 2025? We've take a look…,2021-08-27T05:00:00Z,Liverpool Echo,https://www.liverpoolecho.co.uk
Scanfil to initiate planning to double its Suzhou factory,Scanfil plc     Stock Exchange Release     27 August 2021 8.00 am Scanfil to initiate planning to double its Suzhou factory in China Scanfil has...,2021-08-27T05:00:00Z,GlobeNewswire,https://www.globenewswire.com
Married At First Sight star Jake Edwards opens up on being ‘king hit’ after Melbourne night out,WARNING: GRAPHIC IMAGE. Married At First Sight contestant Jake Edwards has opened up to fans about being bashed and left unconscious.,2021-08-27T04:20:00Z,PerthNow,https://www.perthnow.com.au
"Liverpool face Chelsea in early title showdown, Arsenal aim to stop rot at Man City","Liverpool face Chelsea in early title showdown, Arsenal aim to stop rot at Man City",2021-08-27T04:06:18Z,RFI,https://www.rfi.fr
"Tennis news 2021: Ash Barty, US Open draw, first round match, Nick Kyrgios, Novak Djokovic, Alex de Minaur",Ash Barty will have to overcome several tricky match-ups if she is to triumph at the US Open and claim a third grand slam title of her career.,2021-08-27T04:00:53Z,NEWS.com.au,https://www.news.com.au
Simon Hill returns as Network 10 reveals commentary team for Socceroos coverage and Paramount Plus,Network 10 have confirmed iconic commentator Simon Hill will be involved in their coverage for upcoming Socceroos matches.,2021-08-27T04:00:04Z,Sporting News AU,https://www.sportingnews.com
‘I was devastated’: Socceroos captain withdraws from team indefinitely,"Just two months after being handed the captaincy, Mathew Leckie has withdrawn from the national side to stay with family and avoid hotel quarantine.",2021-08-27T04:00:00Z,Sydney Morning Herald,https://www.smh.com.au
Huhtamaki partners with RiverRecycle and VTT to develop,HUHTAMÄKI OYJ PRESS RELEASE 27.8.2021 AT 07:00 EET Huhtamaki partners with RiverRecycle and VTT to develop technology to tackle floating river waste....,2021-08-27T04:00:00Z,GlobeNewswire,https://www.globenewswire.com
RR spinner Tabrez Shamsi looking to pick 'inside information' about UAE pitches ahead of T20WC,"Shamsi, the world no. 1 ranked T20I bowler in ICC rankings, will be joining the Royals squad as a replacement for Australian pacer Andrew Tye for the remainder of IPL scheduled to be held in the UAE from September 19.",2021-08-28T08:50:00Z,Hindustan Times,https://www.hindustantimes.com
Paralympic Games Triathlon Day 1: Tough day for Brits in Tokyo,"Saturday in Tokyo saw the first of two days of action at the Paralympic Games Triathlon, featuring four of the eight medal events on offer.",2021-08-28T08:26:50Z,Tri247.com,https://www.tri247.com
Chelsea are 'confident' in securing Kounde deal after Zouma's transfer is complete,Chelsea are 'confident' in securing the signing of Sevilla defender Kounde once their sale of Zouma to West Ham is complete.,2021-08-28T07:39:17Z,Football365,https://www.football365.com
"Referee Henry Perenara stood down after Latrell Mitchell shoulder charge on Joseph Manu, coach Trent Robinson",Bunker official Henry Perenara has been stood down after what coach Trent Robinson said was a “laughable” refereeing display in the Roosters’ loss to South Sydney.,2021-08-28T07:27:41Z,NEWS.com.au,https://www.news.com.au
SportemonGo Becomes The Official Sponsor With Showtime,"Sydney, Australia, Aug. 28, 2021 (GLOBE NEWSWIRE) -- Showtime Boxing and Jake Paul strike a deal with cryptocurrency’s fastest growing Sports focused NFT...",2021-08-28T07:17:48Z,GlobeNewswire,https://www.globenewswire.com
"Man City XI vs Arsenal: Predicted lineup, confirmed team news, latest injury updates for Premier League today",Manchester City are still to address their striker shortage as they prepare to face Arsenal today.,2021-08-28T07:12:58Z,Evening Standard,https://www.standard.co.uk
"Basketball news 2021: Why Shaquille O’Neal rejected Reebok shoe deal,",Shaquille O’Neal says his “best” business story is the time he walked away from an $AUD54 million Reebok sneaker deal.,2021-08-28T06:49:15Z,NEWS.com.au,https://www.news.com.au
"Arsenal news and transfers live: Aubameyang price named, Willian exit 'close', Man City build up","Keep up to date with all the latest Arsenal transfer news, views and rumours in football.london's daily live blog as we approach the end of the transfer window",2021-08-28T06:33:20Z,Football.London,https://www.football.london
Report: Liverpool's Champions League rivals Porto to strike Everton deal,"Everton are to strike a major deal with Porto, according to reports. The Portuguese side are in Liverpool's Champions League group. Thursday saw Liverpool",2021-08-28T06:20:00Z,Rousing The Kop - Liverpool FC News,https://www.rousingthekop.com
LaLiga: Valencia claim second straight home win; Mallorca beat Espanyol,"Friday's win left Valencia top of the standings with seven points from three matches, along with Mallorca, ahead of the rest of the round.",2021-08-28T06:18:48Z,Firstpost,https://www.firstpost.com
"Schedule, medal tally, results, times, how to watch, events",Another action-packed day looms in Tokyo and as always we’ll be taking you right through until the evening with all the latest from the Paralympics.,2021-08-29T04:52:14Z,The Sydney Morning Herald,https://www.smh.com.au
"You can’t hit your way out of trouble, you have to build your innings: Kohli","Three England fast bowlers, James Anderson, Ollie Robinson and Craig Overton, bowled 19.3 overs on the fourth day and the pitch map showed very little dots on and around the leg stump. But more than the line, the nagging length undid India’s batting.",2021-08-29T04:25:03Z,The Indian Express,https://indianexpress.com
Ryan Blaney wins at Daytona; Tyler Reddick makes playoffs,"Ryan Blaney scored his second win in a row, taking the checkered flag at Daytona. Tyler Reddick secured the final playoff spot.",2021-08-29T03:03:00Z,NASCAR on NBC Sports,https://nascar.nbcsports.com
Manchester United hint at new role for Donny van de Beek vs Wolves,Donny van de Beek hasn't played for Man Utd so far this season but Ole Gunnar Solskjaer has given him hope he could be involved soon.,2021-08-29T03:00:00Z,Manchester Evening News,https://www.manchestereveningnews.co.uk
"UFC 2021: Abdul Razak Alhassan Vs Alessio Di Chirico, head kick, 17-seconds, historic, reaction, Barboza Vs Chikadze",36-year-old Abdul Razak Alhassan has sent shockwaves through the UFC middleweight division with one of the most stunning finishes you’ll see all year.,2021-08-29T02:53:21Z,NEWS.com.au,https://www.news.com.au
Report: Texans QB Deshaun Watson won't waive no-trade clause to play for Eagles,"It has been clear all offseason long that the Philadelphia Eagles have been hot on the trail for Houston Texans quarterback Deshaun Watson. However, any such deal for Watson would require three parties to turn their key, so to speak — each of the teams involved, and Watson, who negotiated a no-trade clause when he signed a contract extension with Houston in September of last year.",2021-08-29T02:41:13Z,PhillyVoice.com,https://www.phillyvoice.com
Player Ratings: Real Betis 0 - 1 Real Madrid; 2021 La Liga,Dani Carvajal scored the lone goal of the match to secure 3 points for Real Madrid.,2021-08-29T02:13:12Z,Managing Madrid,https://www.managingmadrid.com
Knockout! Watch Abdul Razak Alhassan blast Alessio Di Chirico with 17-second head kick,"Watch UFC Vegas 35 full fight video highlights: Abdul Razak Alhassan vs. Alessio Di Chirico earlier tonight (Sat., Aug. 28, 2021) live on ESPN/ESPN+ from Las Vegas, featuring the first-round finish by Alhassan.",2021-08-29T02:00:04Z,MMA Mania,https://www.mmamania.com
Osaka defends US Open crown with Barty leading top rivals,Defending champion Naomi Osaka seeks her third US Open title in four tries as the year's final Grand Slam begins Monday with top-ranked Wimbledon winner Ashleigh Barty leading a host of rivals.,2021-08-29T01:54:10Z,NEWS.com.au,https://www.news.com.au
Lauri Markkanen's honest thoughts on Kevin Love amid exit rumors,New Cavs recruit Lauri Markkanen opens up about the prospect of playing alongside Kevin Love despite exit rumors surrounding the former All-Star.,2021-08-29T01:40:38Z,Cavs Nation,https://cavsnation.com
Socceroos Star Savouring Switch Of International Allegiance,Harry Souttar believes his switch of international allegiances from Scotland to Australia was the best football decision he's ever made.,2021-08-30T01:23:29Z,Sporting News AU,https://www.sportingnews.com
"Tokyo Paralympics 2020: Triumphant athletes shamefully dudded, Australia results",Australia’s triumphant Paralympians will reportedly not receive the same cash prize as their Olympic counterparts at the Tokyo Games.,2021-08-30T01:07:58Z,NEWS.com.au,https://www.news.com.au
Tommy Fury wins uneventful decision in U.S. debut,Tommy Fury outpoints Anthony Taylor in an uneventful decision to make his U.S. debut at the Paul vs. Woodley pay-per-view event.,2021-08-30T00:56:00Z,MMA Junkie,https://mmajunkie.usatoday.com
"Mariners win victory, lose war against Royals, own history of failure",A 4-3 win saves the Mariners from being swept but can’t save their season,2021-08-30T00:26:34Z,Lookout Landing,https://www.lookoutlanding.com
2 Seahawks first-stringers in danger of losing jobs before 2021 NFL season,The Seattle Seahawks are one of the most intriguing teams in the NFL. They have one of the best quarterbacks in the league in Russell Wilson.,2021-08-30T00:21:42Z,Rivals.com - Florida State,https://clutchpoints.com
Justin Fields to Jesper Horsted from every angle,That second quarter touchdown pass from Justin Fields to Jesper Horsted has been the talk of social media and the buzz around the NFL since it happed last night. I broke the play down a bit in this...,2021-08-30T00:00:00Z,Windy City Gridiron,https://www.windycitygridiron.com
"49ers-Raiders: Kyle Shanahan provides injury updates on Trey Lance, Travis Benjamin","San Francisco 49ers rookie quarterback Trey Lance grabbed his right hand after a Las Vegas Raiders player ran into it. The good news is that the injury does not appear to be too much of a concern. \Y""",2021-08-29T23:41:00Z,49ers Webzone,https://www.49erswebzone.com
"Jake Paul, Tyron Woodley splitting action ahead of bout",The betting action has been split ahead of Sunday night's bout between Jake Paul and Tyron Woodley at Rocket Mortgage Fieldhouse in Cleveland.,2021-08-29T23:29:00Z,Reuters,https://www.reuters.com
Jake Paul and Tyron Woodley WILL be drug tested on fight night after all,The Ohio Athletic Commission has decided it will be drug testing Paul and Woodley to ensure no performance-enhancing drugs are in their system on fight night.,2021-08-29T23:28:48Z,MMA Mania,https://www.mmamania.com
"US Open 2021: Naomi Osaka powerful admission on Instagram, tennis news",Japanese tennis phenom Naomi Osaka has released an emotional statement about the “extremely self deprecating” persona which has plagued her professional career.,2021-08-29T23:07:22Z,NEWS.com.au,https://www.news.com.au
Liverpool sent transfer reality check as Divock Origi plea made,John Aldridge gives his thoughts on what he'd like to see Liverpool do on transfer deadline day in the second half of his weekly column,2021-08-31T02:00:00Z,Liverpool Echo,https://www.liverpoolecho.co.uk
Liverpool have four wildcard transfer moves Michael Edwards could complete on deadline day,"Premier League clubs are running out of time to boost their squads, but Liverpool could be active on deadline day.",2021-08-31T02:00:00Z,Express,https://www.express.co.uk
Report: Broncos waive QB Brett Rypien,The Broncos have waived quarterback Brett Rypien.,2021-08-31T01:58:00Z,Broncos Wire,https://broncoswire.usatoday.com
'Lot of pressure on Virat himself': WV Raman shares advice for Kohli,"While speaking during an interaction arranged by Sony, the former India cricketer stated Kohli is under pressure himself and that people \pay a lot of attention to everything he does.\"" | Cricket""",2021-08-31T01:51:03Z,Hindustan Times,https://www.hindustantimes.com
"US Open 2021: Nick Kyrgios vs Roberto Bautista Agut score, Andy Murray vs Stefanos Tsitsipas, tennis news","Drama has erupted on day one of the 2021 US Open, and Australia’s Nick Kyrgios couldn’t resist chiming in.",2021-08-31T01:29:34Z,NEWS.com.au,https://www.news.com.au
Four wildcard players Liverpool could sign on transfer deadline day,Liverpool have sold Xherdan Shaqiri which means Jurgen Klopp could be searching for a new wide player before the end of the transfer window,2021-08-31T01:15:00Z,Liverpool Echo,https://www.liverpoolecho.co.uk
For & Against: Payne Haas is the game's No.1 prop,Payne Haas' superb form in a struggling Broncos side has many labelling him the game's best prop but there's no shortage of big men challenging for the title,2021-08-31T01:12:34Z,NRL.COM,https://www.nrl.com
'Would be a great signing' - Liverpool fans react to Callum Hudson-Odoi transfer rumours,Hudson-Odoi has been tipped to leave Chelsea before the transfer window shuts and Liverpool fans have been discussing the prospect of the winger heading to Anfield.,2021-08-31T01:00:00Z,Liverpool Echo,https://www.liverpoolecho.co.uk
"Man Utd transfer news LIVE: Leeds in Daniel James talks, Cristiano Ronaldo transfer COMPLETE, Camavinga pics Real Madrid",DANIEL JAMES has played his last game for Manchester United and is set to head to Leeds United for £30million.Cristiano Ronaldo only needs to get his,2021-08-31T00:51:26Z,The Irish Sun,https://www.thesun.ie
"Rams release 6 on Monday, but what’s going on with Johnny Hekker?",LA still has a lot of big decisions to make ahead of Tuesday’s deadline,2021-08-31T00:45:59Z,Turf Show Times,https://www.turfshowtimes.com
